section,slug,title,date,word_count,has_images,originality,imagery,philosophical_depth,structure,sentence_control,voice,pm_share,audience,relevance,action,notes
newsletter,the-lens-edition-1-what-is-product-management,The Lens: Edition 1 — What is Product Management?,2020-10-19,303,N,6,5,5,7,7,7,Y,P,4,Keep,Good intro; InVideo support example is concrete
newsletter,the-lens-edition-10-risk-reduction-working-with-engineering,The Lens: Edition 10 — Risk Reduction & Working with Engineering,2021-01-26,300,N,7,6,8,8,8,8,Y,P,5,Keep,Engineers as partners framing; download-your-brain metaphor is vivid
newsletter,the-lens-edition-11-positioning,The Lens: Edition 11 — Positioning,2021-02-17,293,N,8,9,7,8,8,8,Y,P,5,Keep,Best imagery in the series; Hot Cheetos + KitKat + muffin-vs-cake examples are excellent
newsletter,the-lens-edition-2-solving-ambiguous-problems-metrics,The Lens: Edition 2 — Solving Ambiguous Problems & Metrics,2020-11-24,336,N,7,6,7,7,7,7,Y,P,5,Keep,Context-as-leverage quote is memorable
newsletter,the-lens-edition-3-pm-leadership-personal-vision-ephemeral-content,"The Lens: Edition 3 — PM Leadership, Personal Vision, Ephemeral Content",2020-12-01,298,N,6,5,7,6,7,7,Y,P,3,Revise,Fleets section is dated (Twitter deprecated Fleets in 2021)
newsletter,the-lens-edition-4-compassionate-leadership-strategy,The Lens: Edition 4 — Compassionate Leadership & Strategy,2020-12-15,272,N,8,8,8,7,8,8,Y,P,5,Keep,Grinch/Colonel story are memorable; Porter definition well applied
newsletter,the-lens-edition-5-okrs,The Lens: Edition 5 — OKRs,2020-12-22,287,N,6,5,7,8,8,7,Y,P,5,Keep,Cleanest structure in the series; output vs outcome distinction is sharp
newsletter,the-lens-edition-6-books-i-read-in-2020,The Lens: Edition 6 — Books I Read in 2020,2020-12-29,278,N,5,4,4,6,7,8,Y,P,4,Keep,Most personal and authentic edition; still useful as a reading list
newsletter,the-lens-edition-7-how-to-do-product-prioritization,The Lens: Edition 7 — How to Do Product Prioritization,2021-01-05,316,N,7,7,8,8,8,7,Y,P,5,Keep,Funny Girl and Netflix examples make abstract concepts concrete; best PM piece
newsletter,the-lens-edition-8-knowing-your-users-types-of-pms,The Lens: Edition 8 — Knowing Your Users & Types of PMs,2021-01-12,390,N,7,7,7,7,7,7,Y,P,5,Keep,Starbucks Strategy / one-person focus tip is actionable
newsletter,the-lens-edition-9-preventing-problems-tiers-of-engagement,The Lens: Edition 9 — Preventing Problems & Tiers of Engagement,2021-01-19,245,N,8,6,8,7,8,7,Y,P,5,Keep,Preventable Problem Paradox is a strong original concept
blog,20-years-of-ux-articles-on-nngroup,20 Years of UX articles on NNGroup,2018-08-06,2,N,,,,,,,,,,,
blog,50-reasons-why-we-cannot-change,50 reasons why we cannot change,2018-08-03,278,N,,,,,,,,,,,
blog,66,Contrast #52frames,2018-07-24,0,N,,,,,,,,,,,
blog,about-2,About,2018-07-25,149,N,,,,,,,,,,,
blog,alexa-shopping,Alexa - Shopping ?,2018-08-22,363,N,,,,,,,,,,,
blog,bad-technology,Bad technology,2018-08-03,44,N,,,,,,,,,,,
blog,coffee-drinking-connected-to-lower-risk-of-death-study-finds,"Coffee drinking connected to lower risk of death, study finds",2018-07-25,20,N,,,,,,,,,,,
blog,coronavirus-resources,Coronavirus Resources,2020-03-17,185,N,,,,,,,,,,,
blog,getting-better-by-being-wrong,Getting better by being wrong,2018-09-05,869,N,,,,,,,,,,,
blog,hbr-article-on-leadership,HBR article on leadership,2018-07-25,0,N,,,,,,,,,,,
blog,how-microsoft-fixed-the-worst-thing-about-product-packaging,How Microsoft fixed the worst thing about product packaging,2018-07-25,2,N,,,,,,,,,,,
blog,passwords,Passwords,2018-08-21,109,N,,,,,,,,,,,
blog,privacy-policy,Privacy Policy,2018-07-19,635,N,,,,,,,,,,,
blog,referrals-recommendation,Referrals/Recommendation,2020-12-21,0,N,,,,,,,,,,,
blog,two-nice-refreshers-i-read-today,Two nice refreshers I read today,2018-07-25,21,N,,,,,,,,,,,
blog,watching-4,Watching,2018-09-02,15,N,,,,,,,,,,,
blog,william-c-taylor-simple-principles-for-making-a-big-difference,William C Taylor - Simple principles for making a big difference,2018-08-03,390,N,,,,,,,,,,,
notes,113,Untitled,2018-07-26,0,N,,,,,,,,,,,
notes,115,Untitled,2018-07-26,21,N,,,,,,,,,,,
notes,117,Untitled,2018-07-26,16,N,,,,,,,,,,,
notes,138,Untitled,2018-07-27,0,N,,,,,,,,,,,
notes,146,Interesting info about Count of…,2018-07-29,7,N,,,,,,,,,,,
notes,148,"[wplinkpreview url=""https://work.qz.com/1299190/how-this-generation-of-working-mothers-impacts-the-next-generation-of-workers/""]",2018-07-29,0,N,,,,,,,,,,,
notes,160,Untitled,2018-08-01,5,N,,,,,,,,,,,
notes,162,Untitled,2018-08-01,7,N,,,,,,,,,,,
notes,164,Untitled,2018-08-01,9,N,,,,,,,,,,,
notes,165,Untitled,2018-08-01,8,N,,,,,,,,,,,
notes,166,Untitled,2018-08-01,10,N,,,,,,,,,,,
notes,167,Untitled,2018-08-01,10,N,,,,,,,,,,,
notes,184,Untitled,2018-08-01,5,N,,,,,,,,,,,
notes,2-3rd,2/3rd,2018-10-12,18,N,,,,,,,,,,,
notes,20-vibrant-photos-with-high-color-contrast,20 Vibrant Photos with High Color Contrast,2018-07-25,29,N,,,,,,,,,,,
notes,212,Untitled,2018-08-06,10,N,,,,,,,,,,,
notes,213,Untitled,2018-08-06,5,N,,,,,,,,,,,
notes,249,Untitled,2018-08-19,0,N,,,,,,,,,,,
notes,250,Untitled,2018-08-19,0,N,,,,,,,,,,,
notes,251,Untitled,2018-08-19,4,N,,,,,,,,,,,
notes,294,Untitled,2018-09-04,16,N,,,,,,,,,,,
notes,298,AI guessing obesity levels,2018-09-04,9,N,,,,,,,,,,,
notes,336,Untitled,2018-10-30,0,N,,,,,,,,,,,
notes,341,Untitled,2019-04-19,10,N,,,,,,,,,,,
notes,390,Untitled,2020-03-21,92,N,,,,,,,,,,,
notes,392,Untitled,2020-03-24,9,N,,,,,,,,,,,
notes,393,Untitled,2020-03-25,1,N,,,,,,,,,,,
notes,43,Untitled,2018-07-20,30,Y,,,,,,,,,,,
notes,55,Untitled,2018-07-23,0,N,,,,,,,,,,,
notes,59,Untitled,2018-07-23,42,Y,,,,,,,,,,,
notes,61,Untitled,2018-07-23,133,N,,,,,,,,,,,
notes,72,Untitled,2018-07-24,7,N,,,,,,,,,,,
notes,__trashed,Untitled,2018-07-23,43,Y,,,,,,,,,,,
notes,a-better-way,a better way,2018-09-13,19,N,,,,,,,,,,,
notes,about-state-college,About State College,2020-11-13,1,N,,,,,,,,,,,
notes,alexa-skill-invocation-name,Alexa Skill invocation name,2018-07-27,0,N,,,,,,,,,,,
notes,are-the-stars-you-see-in-the-sky-already-dead,Are the stars you see in the sky already dead?,2018-08-04,33,N,,,,,,,,,,,
notes,avoiding-the-wrong-mvp-approach-jared-m-spool-medium,Avoiding The Wrong MVP Approach – Jared M. Spool – Medium,2019-03-25,39,N,,,,,,,,,,,
notes,beautiful-video-from-bbc-earth,Beautiful video from BBC Earth,2018-08-01,4,N,,,,,,,,,,,
notes,book-recommendations,Book Recommendations,2020-12-21,123,N,,,,,,,,,,,
notes,building-products-in-a-heavily-regulated-space,Building products in a heavily regulated space,2020-11-18,108,N,,,,,,,,,,,
notes,caliphate-podcast,Caliphate - Podcast,2018-07-26,21,N,,,,,,,,,,,
notes,cbs-ceo,CBS Ceo,2018-08-06,0,N,,,,,,,,,,,
notes,ceo-to-vp-of-products,CEO to VP of Products,2018-08-14,11,N,,,,,,,,,,,
notes,comcast-business-clicked-on,Comcast Business - clicked on...,2018-07-28,45,N,,,,,,,,,,,
notes,compaq-how-i-built-this,Compaq - How I built this,2019-04-19,4,N,,,,,,,,,,,
notes,cooking,Cooking,2020-05-06,2282,N,,,,,,,,,,,
notes,crappy-design,Crappy Design,2018-08-29,17,N,,,,,,,,,,,
notes,creating-god,Creating God,2019-06-16,7,N,,,,,,,,,,,
notes,cryptokitties-the-download-on-digital-cats-planet-money-npr,Cryptokitties: The Download On Digital Cats : Planet Money : NPR,2018-08-23,12,N,,,,,,,,,,,
notes,data-driven-guide-to-sane-parenting,Data driven guide to sane parenting,2019-06-16,16,N,,,,,,,,,,,
notes,daymond-john,Daymond John,2019-06-16,12,N,,,,,,,,,,,
notes,debugging-mazda-defect,Debugging Mazda defect,2019-04-27,26,N,,,,,,,,,,,
notes,decision-making,decision making,2018-09-10,28,N,,,,,,,,,,,
notes,design-lessons-from-silicon-valleys-most-important-failure,Design lessons from Silicon valley's most important failure,2018-08-23,0,N,,,,,,,,,,,
notes,dominos-self-driving-car,Dominos Self Driving Car,2018-10-08,1,N,,,,,,,,,,,
notes,dont-make-me-think,Don't make me think,2018-07-25,2,N,,,,,,,,,,,
notes,dr-strangelove,Dr Strangelove,2018-08-14,2,N,,,,,,,,,,,
notes,eu-fines-google,EU fines Google,2018-07-29,0,N,,,,,,,,,,,
notes,evernote-rebranding,Evernote rebranding,2018-09-01,22,N,,,,,,,,,,,
notes,facebook-login-page-design-optimization,UI links,2018-08-01,66,N,,,,,,,,,,,
notes,facebook-stock,Facebook stock,2018-07-26,58,N,,,,,,,,,,,
notes,facebooks-free-food-banned-as-silicon-valley-restaurants-hit-back,Facebook's free food banned as Silicon Valley restaurants hit back,2018-07-25,22,N,,,,,,,,,,,
notes,fairness,Fairness as a manager,2018-08-03,74,N,,,,,,,,,,,
notes,fee-free-fund,Fee free fund,2018-08-02,2,N,,,,,,,,,,,
notes,fire-in-brazils-national-museum,Fire in Brazil's national museum,2018-09-04,14,N,,,,,,,,,,,
notes,first-round-capital-on-employee-motivation,First Round Capital : on Employee Motivation,2018-07-31,41,N,,,,,,,,,,,
notes,from-the-top,From the top,2018-08-01,21,N,,,,,,,,,,,
notes,gender-confidence-gap,Gender confidence gap,2018-07-26,1,N,,,,,,,,,,,
notes,get-better-by-todd-davis,Get better by Todd Davis,2018-08-03,24,N,,,,,,,,,,,
notes,get-compensation-for-flight-delays-of-up-to-700-airhelp,Get Compensation for Flight Delays of up to $700 | AirHelp,2018-08-05,30,N,,,,,,,,,,,
notes,goal-mining,Goal mining,2019-06-16,27,N,,,,,,,,,,,
notes,google-assistant-redesign-adds-bigger-visuals-simple-smart-home-control,"Google Assistant redesign adds bigger visuals, simple smart home control",2018-10-03,1,N,,,,,,,,,,,
notes,google-plus,Google Plus,2018-10-12,54,N,,,,,,,,,,,
notes,google-unveils-2fa-titan-security-key-w-custom-firmware-coming-to-google-store,"Google unveils 2FA ‘Titan Security Key’ w/ custom firmware, coming to Google Store",2018-07-26,64,N,,,,,,,,,,,
notes,grande,Grande,2018-08-23,0,N,,,,,,,,,,,
notes,had-a-great-weekend-bbq,"Had a great weekend, BBQ...",2018-07-22,79,N,,,,,,,,,,,
notes,hey-google-tell-me-something-good,"Hey Google, tell me something good",2018-08-23,15,N,,,,,,,,,,,
notes,hobby,Hobby,2018-10-03,0,N,,,,,,,,,,,
notes,honey,Honey,2018-08-01,5,N,,,,,,,,,,,
notes,how-energy-makes-life-possible-bill-gates,How energy makes life possible | Bill Gates,2018-09-10,16,N,,,,,,,,,,,
notes,how-mapping-the-agile-transformation-journey-points-the-way-to-continuous-innovation,How Mapping The Agile Transformation Journey Points The Way To Continuous Innovation,2019-03-25,24,N,,,,,,,,,,,
notes,how-mental-models-unlock-your-thinking,How Mental Models Unlock Your Thinking,2019-04-07,43,N,,,,,,,,,,,
notes,how-this-video-applies-to-any-context,How this video applies to any context,2020-07-27,85,N,,,,,,,,,,,
notes,how-to-be-a-hero,How to be a hero,2018-09-03,32,N,,,,,,,,,,,
notes,how-to-disagree,How to Disagree,2018-08-07,7,N,,,,,,,,,,,
notes,how-to-organize-information,How to organize information,2020-07-28,507,N,,,,,,,,,,,
notes,how-to-persuade-your-companys-product-team-to-build-something-quartz-at-work,How to persuade your company’s product team to build something — Quartz at Work,2018-08-30,7,N,,,,,,,,,,,
notes,how-to-praise-your-co-worker-correctly,How to praise your co-worker correctly,2020-08-06,162,N,,,,,,,,,,,
notes,https-youtu-be-ujzpjbmqfy4,https://youtu.be/uJzpJBMQfy4,2018-07-21,1,N,,,,,,,,,,,
notes,i-have-to-check-some,I have to check some...,2018-07-27,9,N,,,,,,,,,,,
notes,index-funds,Index Funds,2018-09-30,7,N,,,,,,,,,,,
notes,indra-nooyi,Indra Nooyi,2018-08-15,0,N,,,,,,,,,,,
notes,insurance-comparison,Insurance comparison,2018-08-27,68,N,,,,,,,,,,,
notes,is-coconut-oil-bad-for-you-a-professor-called-it-poison-vox,Is coconut oil bad for you? A professor called it “poison” - Vox,2018-08-30,24,N,,,,,,,,,,,
notes,jedi,Jedi,2018-08-14,9,N,,,,,,,,,,,
notes,kindness,Kindness,2018-07-25,16,N,,,,,,,,,,,
notes,likership,Likership,2019-11-03,1,N,,,,,,,,,,,
notes,links-and-resources-for-parents,Links and resources for parents,2020-03-30,659,N,,,,,,,,,,,
notes,listened-to-black-holes-exponent,Listened to Black Holes - Exponent,2018-07-26,1,N,,,,,,,,,,,
notes,listening-to-john-maxwell-on,Listening to John Maxwell on...,2018-07-27,97,N,,,,,,,,,,,
notes,listening,Listening,2018-07-24,9,N,,,,,,,,,,,
notes,logic-how-i-built-this,Logic - How I built this,2019-04-19,6,N,,,,,,,,,,,
notes,lost-kitchen,Lost kitchen,2018-09-08,5,N,,,,,,,,,,,
notes,luck-risk-and-avoiding-losers,Luck risk and avoiding losers,2019-06-16,22,N,,,,,,,,,,,
notes,making-friends,making friends,2018-09-10,177,N,,,,,,,,,,,
notes,mental-models-for-pms,Mental models for PMs,2018-08-30,9,N,,,,,,,,,,,
notes,micro-moments,Micro-moments,2020-11-14,1,N,,,,,,,,,,,
notes,mission-impossible,Mission impossible,2018-07-31,15,N,,,,,,,,,,,
notes,mobile-friendly-pdf,Mobile friendly pdf,2018-08-11,15,N,,,,,,,,,,,
notes,moviepass-in-crisis,Moviepass in crisis?,2018-07-27,15,N,,,,,,,,,,,
notes,moviepass-update,Moviepass-update,2018-08-06,97,N,,,,,,,,,,,
notes,movies,Movies,2018-07-29,3,N,,,,,,,,,,,
notes,mr-smith-goes-to-washington,Mr Smith Goes to Washington,2018-08-14,21,N,,,,,,,,,,,
notes,my-experience-with-911,My experience with 911,2020-10-06,1550,Y,,,,,,,,,,,
notes,naming,naming,2018-09-12,37,N,,,,,,,,,,,
notes,new-uscis-policy-will-carry-harsh-consequences-for-applicants,New USCIS Policy Will Carry Harsh Consequences For Applicants,2018-07-25,25,N,,,,,,,,,,,
notes,newsletter-launch,Newsletter Launch,2020-10-19,4,N,,,,,,,,,,,
notes,north-by-north-west,North by North West,2018-08-23,10,N,,,,,,,,,,,
notes,opinion-make-your-daughter-practice-math-shell-thank-you-later-the-new-york-times-2,Opinion | Make Your Daughter Practice Math. She’ll Thank You Later. - The New York Times,2018-08-23,22,N,,,,,,,,,,,
notes,opinion-make-your-daughter-practice-math-shell-thank-you-later-the-new-york-times,Opinion | Make Your Daughter Practice Math. She’ll Thank You Later. - The New York Times,2018-08-08,22,N,,,,,,,,,,,
notes,pluto-tv-ilya-pozen,Pluto TV - Ilya Pozen,2020-07-26,4,N,,,,,,,,,,,
notes,pm-differences,PM differences,2018-08-01,66,N,,,,,,,,,,,
notes,pm-resources,Untitled,2018-07-19,27,Y,,,,,,,,,,,
notes,pms-as-enablers-of-decisions,PMs as enablers of decisions,2020-11-17,57,N,,,,,,,,,,,
notes,podcast-day,Podcast day,2018-09-30,0,N,,,,,,,,,,,
notes,pondering-about-job-culture-values,"Pondering about job, culture, values.",2018-07-20,5,N,,,,,,,,,,,
notes,pondering-over-the-question,Pondering over the question -...,2018-07-27,68,N,,,,,,,,,,,
notes,postmortems-in-development,postmortems in development,2018-08-24,0,N,,,,,,,,,,,
notes,prime-on-comcast,Prime on Comcast,2018-08-07,0,N,,,,,,,,,,,
notes,product-comparison,Product comparison,2018-08-28,72,Y,,,,,,,,,,,
notes,quest-lab-self-check-in,Quest Lab Self Check-in,2018-09-04,0,N,,,,,,,,,,,
notes,rabbit-hole,Rabbit Hole,2020-04-23,413,N,,,,,,,,,,,
notes,rani-lakshmi-bai,Rani Lakshmi Bai,2019-06-16,16,N,,,,,,,,,,,
notes,referrals,Referrals,2020-01-02,1,N,,,,,,,,,,,
notes,regrets-of-the-dying-bronnie-ware,Regrets of the Dying - Bronnie Ware,2020-07-26,44,N,,,,,,,,,,,
notes,remote-work-resources,Remote Work Resources,2020-03-20,232,N,,,,,,,,,,,
notes,retirement,Retirement,2019-11-10,1,N,,,,,,,,,,,
notes,rise-of-tech-enabled-services,Rise of tech enabled services,2020-12-21,200,N,,,,,,,,,,,
notes,roywood-jr,Roywood Jr,2018-08-03,25,N,,,,,,,,,,,
notes,science-fiction-readers,Science fiction readers ...,2018-08-23,0,N,,,,,,,,,,,
notes,sensationalism-in-news,Sensationalism in news,2019-10-16,1,N,,,,,,,,,,,
notes,so-sad-that-moves-app,So sad that moves app...,2018-07-28,45,N,,,,,,,,,,,
notes,spotify-freakonomics-podcast,Spotify - Freakonomics podcast,2019-04-19,4,N,,,,,,,,,,,
notes,spotify,Spotify,2019-04-27,4,N,,,,,,,,,,,
notes,squarespace-how-i-built-this,Squarespace - How I built this,2019-04-27,1,N,,,,,,,,,,,
notes,stand-ups-are-broken,Stand ups are broken,2018-08-23,0,N,,,,,,,,,,,
notes,starting-august-1-you-can-3d-print-a-gun,"Starting August 1, you can 3D print a gun",2018-07-24,26,N,,,,,,,,,,,
notes,stewart-butterfield,Stewart Butterfield,2019-06-16,8,N,,,,,,,,,,,
notes,sticher-the-leader,Sticher - the leader,2018-08-06,0,N,,,,,,,,,,,
notes,sting,Sting,2018-09-25,7,N,,,,,,,,,,,
notes,sultan-khan,Sultan Khan,2020-04-13,13,N,,,,,,,,,,,
notes,taxes,Taxes,2019-06-16,15,N,,,,,,,,,,,
notes,tee-wisdom,Tee Wisdom,2018-09-09,15,N,,,,,,,,,,,
notes,the-greatest-coach-silicon-valley-product-group,The Greatest Coach | Silicon Valley Product Group,2019-04-27,12,N,,,,,,,,,,,
notes,the-hierarchy-of-disagreement-the-best-and-worst-argument-techniques-big-think,The hierarchy of disagreement: The best and worst argument techniques | Big Think,2018-08-23,27,N,,,,,,,,,,,
notes,the-vest-vending-machine-at-san-franciscos-airport-is-making-bank-business-insider,The vest vending machine at San Francisco's airport is making bank - Business Insider,2018-08-05,45,N,,,,,,,,,,,
notes,this-clever-app-lets-amazon-alexa-read-sign-language,This clever app lets Amazon Alexa read sign language,2018-07-25,13,N,,,,,,,,,,,
notes,ticket-to-ride-ai,Ticket to Ride - AI,2018-08-12,30,N,,,,,,,,,,,
notes,til,TIL,2018-07-31,29,N,,,,,,,,,,,
notes,tips-on-isolation-by-scott-kelly,Tips on isolation by Scott Kelly,2020-03-28,1,N,,,,,,,,,,,
notes,tweetorder-com-jed-christiansen,TweetOrder.com – Jed Christiansen,2018-08-05,59,N,,,,,,,,,,,
notes,tweetorder,Tweetorder,2018-08-05,14,N,,,,,,,,,,,
notes,twitter,Twitter,2020-07-19,0,Y,,,,,,,,,,,
notes,underground-railroad-wikipedia,Underground Railroad - Wikipedia,2018-07-25,16,N,,,,,,,,,,,
notes,uscis-updates-policy-guidance-for-certain-requests-for-evidence-and-notices-of-intent-to-deny-uscis,USCIS Updates Policy Guidance for Certain Requests for Evidence and Notices of Intent to Deny | USCIS,2018-07-25,21,N,,,,,,,,,,,
notes,useloom-com-is-awesome-what,useloom.com is awesome !! What...,2018-07-27,10,N,,,,,,,,,,,
notes,virtual-numbers-on-capital-one,Virtual numbers on Capital One...,2018-07-29,24,N,,,,,,,,,,,
notes,walmarts-latest-move-to-compete-with-amazon-is-a-kobo-ebook-and-audiobook-store-the-verge,Walmart’s latest move to compete with Amazon is a Kobo ebook and audiobook store - The Verge,2018-08-30,4,N,,,,,,,,,,,
notes,watching-2,Watching,2018-07-27,16,N,,,,,,,,,,,
notes,watching-3,Watching,2018-08-08,48,N,,,,,,,,,,,
notes,watching-count-of-monte-cristo,"Watching ""Count of Monte Cristo""",2018-07-28,5,N,,,,,,,,,,,
notes,watching,Watching,2018-07-26,3,N,,,,,,,,,,,
notes,we-chat,We chat,2019-11-03,1,N,,,,,,,,,,,
notes,when-will-outlook-gets-some,When will Outlook gets some...,2018-07-25,34,N,,,,,,,,,,,
notes,why-technical-experts-make-great-leaders-podcast,Why technical experts make great leaders: Podcast,2018-09-03,200,N,,,,,,,,,,,
notes,working-on-a-problem-separately,working on a problem separately,2018-09-10,32,N,,,,,,,,,,,
notes,world-2-0-there-are-decades-where-nothing-happens-and-weeks-where-decades-happen-marginal-revolution,"World 2.0 - ""There are decades where nothing happens, and weeks where decades happen"" - Marginal REVOLUTION",2020-04-05,21,N,,,,,,,,,,,
journal,%e0%b2%ac%e0%b2%82%e0%b2%97%e0%b2%be%e0%b2%b0%e0%b2%a6-%e0%b2%ae%e0%b2%a8%e0%b3%81%e0%b2%b7%e0%b3%8d%e0%b2%af-%e0%b2%87%e0%b2%a8%e0%b3%8d%e0%b2%a8%e0%b2%bf%e0%b2%b2%e0%b3%8d%e0%b2%b2,ಬಂಗಾರದ ಮನುಷ್ಯ ಇನ್ನಿಲ್ಲ,2006-04-13,382,N,,,,,,,,,,,
journal,119,?,2005-09-28,95,N,,,,,,,,,,,
journal,121,Kannada Audio,2005-10-03,247,N,,,,,,,,,,,
journal,1686,Untitled,2011-08-16,1,N,,,,,,,,,,,
journal,1st-day-at-mba,1st day at MBA,2009-08-24,189,N,,,,,,,,,,,
journal,1st-day-in-class,1st day in class,2009-08-25,351,N,,,,,,,,,,,
journal,2-vs-2,2 vs 2,2005-10-14,26,N,,,,,,,,,,,
journal,2-years-and-a-poem,2 years and a poem,2011-08-05,178,N,,,,,,,,,,,
journal,200m-from-day-dreaming-game,$200M from day dreaming game,2014-08-14,45,N,,,,,,,,,,,
journal,25,25,2006-03-16,196,N,,,,,,,,,,,
journal,256-lane-superhighway,256 Lane superhighway !!,2005-03-17,63,N,,,,,,,,,,,
journal,3-related-thoughts,3 related thoughts,2005-12-13,339,N,,,,,,,,,,,
journal,52-frames,52 Frames,2018-07-14,34,N,,,,,,,,,,,
journal,7g,7g,2005-03-21,318,N,,,,,,,,,,,
journal,80-android-phone-sells-like-hotcakes-in-kenya-the-world-next-singularity-hub,"$80 Android Phone Sells Like Hotcakes in Kenya, the World Next? | Singularity Hub",2011-08-16,319,N,,,,,,,,,,,
journal,85,Parineeta,2005-07-02,372,N,,,,,,,,,,,
journal,9211,9211,2006-03-10,333,N,,,,,,,,,,,
journal,a-conversation,A conversation,2005-08-18,2293,N,,,,,,,,,,,
journal,a-game,A game,2006-02-09,3,N,,,,,,,,,,,
journal,a-general-roundup,A general roundup,2006-01-02,799,N,,,,,,,,,,,
journal,a-heap-of-broken-images,A heap of broken images,2005-04-06,331,N,,,,,,,,,,,
journal,a-life-lived,A life lived,2005-10-04,436,N,,,,,,,,,,,
journal,aap-ka-suroor-or-rather-himesh-reshammiyas-topi-2,Aap ka suroor (or rather Himesh Reshammiya's topi),2007-07-09,1222,N,,,,,,,,,,,
journal,aargh,Aargh...,2007-07-10,124,N,,,,,,,,,,,
journal,ab-baby,AB Baby,2006-01-09,325,N,,,,,,,,,,,
journal,about-2,About,2007-01-26,0,Y,,,,,,,,,,,
journal,about-3,About,2018-07-08,58,N,,,,,,,,,,,
journal,about-themes-and,About themes and ..,2005-12-08,485,Y,,,,,,,,,,,
journal,about,About,2006-01-07,128,Y,,,,,,,,,,,
journal,accuweather,AccuWeather,2020-09-24,482,Y,,,,,,,,,,,
journal,activist-fund-calls-for-breakup-of-blackberry-maker-nytimes-com,Activist Fund Calls for Breakup of BlackBerry Maker - NYTimes.com,2011-09-07,183,N,,,,,,,,,,,
journal,all-the-best,All the best,2006-02-15,779,N,,,,,,,,,,,
journal,all-things-inception,All things Inception,2010-08-04,898,N,,,,,,,,,,,
journal,all-you-need-is-love,All you need is love,2009-02-23,918,N,,,,,,,,,,,
journal,am-not-way,Am not way :),2007-06-12,1165,N,,,,,,,,,,,
journal,animusic,Animusic,2007-02-10,1,N,,,,,,,,,,,
journal,anomaly-that-is-steve-jobs,Anomaly that is Steve Jobs,2011-08-25,334,Y,,,,,,,,,,,
journal,another-dubey,Another Dubey,2005-11-22,53,N,,,,,,,,,,,
journal,apaharan,Apaharan,2005-12-09,442,N,,,,,,,,,,,
journal,app-genius-mike-lee-talks-product-engineering,App Genius Mike Lee Talks Product Engineering,2011-09-22,979,N,,,,,,,,,,,
journal,app-reviews,App reviews,2014-08-19,144,N,,,,,,,,,,,
journal,apps-developers-will-crown-the-victor-iphone-blackberry-or-android-aapl-goog-rimm,"Apps Developers Will Crown the Victor -- iPhone, BlackBerry, or Android AAPL, GOOG, RIMM",2011-08-29,457,N,,,,,,,,,,,
journal,appstore-seo-how-to-seo-for-a-mobile-app-mobilemoxie-mobile-marketing-and-seo-consulting-and-free-tools,AppStore SEO: How to SEO for a Mobile App | MobileMoxie: Mobile Marketing and SEO Consulting and Free Tools,2011-09-16,363,N,,,,,,,,,,,
journal,aptha-mitra,Aptha Mitra,2005-06-04,476,N,,,,,,,,,,,
journal,arianna-huffingtons-talk-at-penn-state,Arianna Huffington's talk at Penn State,2012-03-12,1314,N,,,,,,,,,,,
journal,as-my-career-path-seems-unclear-all-i-am-doing-is,Weekend Reading,2014-09-09,70,N,,,,,,,,,,,
journal,atlas-shrugged,Atlas Shrugged,2007-02-13,542,N,,,,,,,,,,,
journal,audio-video-fest,Audio Video Fest,2006-05-21,447,N,,,,,,,,,,,
journal,award,Award!,2005-03-17,59,N,,,,,,,,,,,
journal,bangalore-in-google-earth,Bangalore in Google Earth,2005-10-25,29,N,,,,,,,,,,,
journal,being-busy,Being busy,2010-07-25,236,N,,,,,,,,,,,
journal,being-cyrus-zathura,"Being Cyrus, Zathura",2006-04-17,163,N,,,,,,,,,,,
journal,best-dead-husband,Best dead husband,2012-01-31,1345,N,,,,,,,,,,,
journal,bheja-fry,Bheja Fry,2007-05-27,466,N,,,,,,,,,,,
journal,bhoomi-jaatre,Bhoomi Jaatre,2007-05-29,108,Y,,,,,,,,,,,
journal,blog-day,Blog Day,2005-08-31,47,N,,,,,,,,,,,
journal,blogging-quotes,Blogging Quotes!,2007-05-26,38,N,,,,,,,,,,,
journal,blogging-updates,Blogging updates!,2007-05-20,113,N,,,,,,,,,,,
journal,blogging,Blogging,2005-01-03,86,N,5,4,5,5,5,5,N,F,2,Archive,2004 blogging zeitgeist piece; now dated
journal,blogmela,Blogmela,2006-08-31,0,N,,,,,,,,,,,
journal,blogshares,Blogshares,2005-03-17,78,N,,,,,,,,,,,
journal,blogspot-blocked,Blogspot blocked !,2006-07-17,463,N,,,,,,,,,,,
journal,book-tag,Book Tag,2005-07-03,372,N,,,,,,,,,,,
journal,bowl-out,Bowl out,2007-09-17,250,N,,,,,,,,,,,
journal,bread-and-toast,bread and toast,2011-07-18,457,N,,,,,,,,,,,
journal,bumble-bee-shouldnt-fly,Bumble bee shouldn't fly,2005-01-26,401,N,,,,,,,,,,,
journal,burst-spectrum,Burst Spectrum,2005-12-14,223,N,,,,,,,,,,,
journal,business-english-classes,Business English Classes,2005-02-14,49,N,,,,,,,,,,,
journal,calling-spirits,Calling spirits...,2008-03-12,267,N,,,,,,,,,,,
journal,campus-winter-etc,"Campus, winter etc",2009-08-25,427,N,,,,,,,,,,,
journal,canvas,Canvas,2006-06-09,162,N,,,,,,,,,,,
journal,car-car-car,Car car car,2006-12-25,617,N,,,,,,,,,,,
journal,carlos-ghosn-interview,Carlos Ghosn's interview in Nissan Leaf,2011-08-03,317,N,,,,,,,,,,,
journal,category-in-wordpresscom-sucks,Category in wordpress.com sucks,2008-04-08,42,N,,,,,,,,,,,
journal,celebration,Celebration,2006-01-12,373,N,,,,,,,,,,,
journal,chak-de,Chak De,2007-09-25,283,N,,,,,,,,,,,
journal,change,Change,2005-06-12,185,N,,,,,,,,,,,
journal,changes-to-site-and-updates,Changes to site and updates,2006-09-12,157,N,,,,,,,,,,,
journal,chart-of-the-day-whats-inside-the-iphone-and-how-much-it-costs,"CHART OF THE DAY: What's Inside The iPhone, And How Much It Costs",2011-08-22,135,N,,,,,,,,,,,
journal,checkmate-rangashankara,Checkmate - Rangashankara,2007-09-26,315,N,,,,,,,,,,,
journal,cheeni-kum,Cheeni Kum,2007-08-09,345,N,,,,,,,,,,,
journal,chennai-life,Chennai Life,2007-05-22,1356,N,,,,,,,,,,,
journal,chennai-rains,Chennai rains,2005-10-27,67,N,,,,,,,,,,,
journal,chennai-visit,Chennai Visit,2005-04-20,844,N,,,,,,,,,,,
journal,chile,Chile,2010-08-10,1130,N,,,,,,,,,,,
journal,choice,Choice,2005-02-14,207,N,,,,,,,,,,,
journal,chup-chup-ke,Chup Chup Ke,2006-06-13,474,N,,,,,,,,,,,
journal,cinema-halls,Cinema halls..,2007-10-09,347,N,,,,,,,,,,,
journal,clap-clap,Clap clap !,2009-02-25,9,Y,,,,,,,,,,,
journal,club-experience,Club eXperience,2004-12-28,256,N,5,5,4,5,5,6,N,F,2,Archive,Friend's club visit told second-hand; light
journal,cocomment-and-nowpublic,cocomment and nowpublic,2006-07-22,301,N,,,,,,,,,,,
journal,coincidences-ab-jr-shelved-fanah,"Coincidences, AB Jr , Shelved Fanah",2005-08-05,409,N,,,,,,,,,,,
journal,coming-soon-wp20,Coming soon : WP2.0,2005-12-08,20,N,,,,,,,,,,,
journal,common-man,Common Man,2009-02-10,1968,N,,,,,,,,,,,
journal,complete-the-story,Complete the story,2009-07-16,425,N,,,,,,,,,,,
journal,comscore-reports-july-2011-u-s-mobile-subscriber-market-share-comscore-inc,"comScore Reports July 2011 U.S. Mobile Subscriber Market Share - comScore, Inc",2011-08-31,478,N,,,,,,,,,,,
journal,conflicts,Conflicts,2009-08-27,209,N,,,,,,,,,,,
journal,consumer-centric-user-focus-in-productbusiness,Consumer centric/ User focus in Product/Business meetings,2014-10-25,629,N,,,,,,,,,,,
journal,contact,Contact,2018-07-24,1,N,,,,,,,,,,,
journal,conversations,Conversations,2005-07-15,68,N,,,,,,,,,,,
journal,counselor-idealist,Counselor Idealist,2006-03-07,444,N,,,,,,,,,,,
journal,crash,Crash,2006-04-17,310,N,,,,,,,,,,,
journal,crazy-fella,Crazy fella,2005-06-08,96,N,,,,,,,,,,,
journal,credit-card-fraud-protection,use case with a credit card transaction,2012-04-26,315,N,,,,,,,,,,,
journal,credit-means,Credit means ..,2009-09-15,271,N,,,,,,,,,,,
journal,cricket-and-philanthrophy,Cricket and philanthrophy,2005-03-15,157,N,,,,,,,,,,,
journal,cslog,CS Log,2018-07-13,476,N,,,,,,,,,,,
journal,ctrl-f,Ctrl F,2005-07-28,110,N,,,,,,,,,,,
journal,cubicles-and-interruptions,Cubicles and interruptions,2007-04-25,897,N,,,,,,,,,,,
journal,culture-scene-in-bangalore,Culture scene in Bangalore,2009-03-01,42,N,,,,,,,,,,,
journal,cvs,CVS,2005-11-24,128,N,,,,,,,,,,,
journal,cycling-answers-etc,"Cycling, Answers etc",2006-05-06,976,N,,,,,,,,,,,
journal,da-vinci-code,Da vinci Code,2005-01-23,151,N,,,,,,,,,,,
journal,da-vinci,Da Vinci,2006-06-06,88,N,,,,,,,,,,,
journal,dance_festiva,Attakkalari Dance Festival,2009-02-18,1250,N,,,,,,,,,,,
journal,daretodream,Dare to dream,2014-10-28,22,N,,,,,,,,,,,
journal,death-is-an-angel,Death is an angel,2006-02-10,237,N,,,,,,,,,,,
journal,death-of-a-domain,death of a domain,2010-11-08,191,N,,,,,,,,,,,
journal,delayed-childhood,Delayed Childhood,2005-03-21,103,N,,,,,,,,,,,
journal,delicious-ambiguity,Delicious Ambiguity,2005-12-22,86,N,,,,,,,,,,,
journal,delivering-smile-to-every-person,Delivering smile to every person,2012-02-10,1443,Y,,,,,,,,,,,
journal,dependency,Dependency,2005-03-23,3,N,,,,,,,,,,,
journal,describing-word-to-best-ad,Describing word to Best ad,2005-08-11,793,N,,,,,,,,,,,
journal,desi-potluck,Desi potluck,2009-08-29,344,N,,,,,,,,,,,
journal,desk-top,desk-top,2005-01-03,214,N,4,4,3,3,5,6,N,A,1,Archive,"Desk description; ephemeral slice of life, no lasting value"
journal,dhoom-2,Dhoom 2,2006-12-25,677,N,,,,,,,,,,,
journal,difficult-to-write,Difficult to write...,2007-10-07,62,N,,,,,,,,,,,
journal,direction,Direction,2005-07-21,92,N,,,,,,,,,,,
journal,dor,Dor,2006-10-10,476,N,,,,,,,,,,,
journal,dreams-2,Dreams,2009-02-04,514,N,,,,,,,,,,,
journal,dumb-charade,Dumb charades,2005-12-16,540,N,,,,,,,,,,,
journal,duniya,Duniya,2007-05-23,991,N,,,,,,,,,,,
journal,duplicated-resume-2619,Duplicated: Resume - [#2619],2020-09-26,2061,N,,,,,,,,,,,
journal,dynamics-of-personal-economy,Dynamics of Personal Economy,2005-09-30,21,N,,,,,,,,,,,
journal,earthquake-and-jokes,earthquake and jokes,2012-04-16,207,N,,,,,,,,,,,
journal,edition-1,Edition 1,2020-10-18,478,N,,,,,,,,,,,
journal,edition2,"The Lens - Edition 2 - Manual of Me, Measuring what matters, Solving ambiguous problems",2020-11-24,751,N,,,,,,,,,,,
journal,einstein-tells-me,Einstein tells me,2005-10-30,29,Y,,,,,,,,,,,
journal,ek-ajnabee,Ek Ajnabee,2005-12-09,65,N,,,,,,,,,,,
journal,elementor-2645,Elementor #2645,2020-09-24,0,N,,,,,,,,,,,
journal,elementor-2826,Elementor #2826,2020-09-26,1,N,,,,,,,,,,,
journal,elementor-2895,Elementor #2895,2020-10-16,0,N,,,,,,,,,,,
journal,ello,Ello,2014-10-28,199,N,,,,,,,,,,,
journal,english-to-hindi-of-some-common-phrases,English to Hindi of some common phrases,2007-06-30,164,N,,,,,,,,,,,
journal,every-business-will-be-mobile,Every business will be mobile,2011-08-15,95,N,,,,,,,,,,,
journal,expanding,Expanding ...,2005-03-20,137,N,,,,,,,,,,,
journal,expecting-the-worl,Expecting the world to treat you fairly...,2008-09-15,117,N,,,,,,,,,,,
journal,exploring,Exploring,2009-08-16,153,N,,,,,,,,,,,
journal,eyes,Eyes...,2009-02-09,268,N,,,,,,,,,,,
journal,fanaa,Fanaa,2006-05-26,2284,Y,,,,,,,,,,,
journal,fanaaa,Fanaaa...,2006-04-22,82,Y,,,,,,,,,,,
journal,favorite-links,Favorite Links,2010-06-19,0,N,,,,,,,,,,,
journal,favorite-love-songs,Favorite Love Songs,2007-02-14,161,N,,,,,,,,,,,
journal,favourite-videos-476,Favourite Videos,2007-02-10,0,N,,,,,,,,,,,
journal,favourite-videos,Favourite Videos,2007-02-10,16,N,,,,,,,,,,,
journal,feeds-2,Feeds,2006-02-28,1333,N,,,,,,,,,,,
journal,festival-pics,Festival Pics,2005-10-08,18,N,,,,,,,,,,,
journal,few-posts-coming-up,Few posts coming up...,2007-02-11,307,N,,,,,,,,,,,
journal,finally,Finally,2005-09-25,117,N,,,,,,,,,,,
journal,fire-alarm,Fire alarm,2005-09-30,237,N,,,,,,,,,,,
journal,fire-phone-strategy-analysis,Fire Phone - Strategy analysis,2014-10-24,1013,N,,,,,,,,,,,
journal,first-impressions-of-kank,First impressions of KANK,2006-08-12,779,N,,,,,,,,,,,
journal,five-campaigns-changing-the-game-of-mobile-advertising-fiercemobilecontent,Five campaigns changing the game of mobile advertising - FierceMobileContent,2011-09-07,11,N,,,,,,,,,,,
journal,five-point-someone,Five point someone,2005-08-27,412,N,,,,,,,,,,,
journal,flashback-and-goal-setting-2,Flashback and Goal setting,2006-01-21,328,N,,,,,,,,,,,
journal,flashback-and-goal-setting-3,Flashback and Goal Setting,2007-02-11,239,Y,,,,,,,,,,,
journal,flashback-and-goal-setting,Flashback And Goal Setting,2005-01-03,242,N,,,,,,,,,,,
journal,flight-ticket-booking,Flight ticket booking,2010-08-07,711,N,,,,,,,,,,,
journal,flyover-a-solution,Flyover - A Solution?,2005-01-12,304,N,,,,,,,,,,,
journal,fooling-around-2,Fooling around-2,2005-04-25,205,N,,,,,,,,,,,
journal,fooling-around,Fooling around,2005-06-11,919,N,,,,,,,,,,,
journal,for-some-vague-reason,For some vague reason..,2005-12-09,160,N,,,,,,,,,,,
journal,free-food-culture,Free food =/= culture,2014-10-14,206,N,,,,,,,,,,,
journal,freedom-of-speech,Freedom Of Speech,2005-03-17,121,N,,,,,,,,,,,
journal,frequently-asked-questions-and-anticipated-conversations,Frequently Asked Questions and Anticipated Conversations,2009-07-20,1762,N,,,,,,,,,,,
journal,front,Front,2010-06-19,0,N,,,,,,,,,,,
journal,frustration-outlet-window,Frustration outlet window,2006-04-17,674,N,,,,,,,,,,,
journal,full-or-partial-feed,Full or partial feed,2005-12-14,136,N,,,,,,,,,,,
journal,funtastic-four,Funtastic Four,2005-07-22,205,N,,,,,,,,,,,
journal,futuresayurvedhaisckon-theme-parkastrologyjournalism,"Futures,Ayurvedha,Isckon theme park,Astrology,Journalism.",2005-03-15,625,N,,,,,,,,,,,
journal,g-simplicity,g* = simplicity,2004-12-18,260,N,5,4,5,4,5,6,N,F,3,Archive,Early Google take; dated but shows product thinking emerging
journal,gangster-a-love-story,Gangster - A Love Story,2006-05-08,311,Y,,,,,,,,,,,
journal,generalization,Generalization,2006-07-13,2,N,,,,,,,,,,,
journal,geni-a-family-tree-software-plus-family-networking-space-2-2,Geni - A family tree software plus family networking space,2007-07-03,670,N,,,,,,,,,,,
journal,geni-a-family-tree-software-plus-family-networking-space-2,Geni - A family tree software plus family networking space,2007-06-27,670,N,,,,,,,,,,,
journal,getting-up-before-alarm-screams,Getting up before alarm,2005-11-30,24,N,,,,,,,,,,,
journal,goa,Goa!!,2007-02-27,2579,N,,,,,,,,,,,
journal,goal-setting-2,Goal setting,2008-04-07,36,N,,,,,,,,,,,
journal,good-morning,Good Morning!,2005-12-16,721,N,,,,,,,,,,,
journal,google-gadgets,Google gadgets,2006-10-20,0,N,,,,,,,,,,,
journal,google-integrations,Google integrations..,2009-01-09,39,N,,,,,,,,,,,
journal,google-stuff,Google stuff,2005-10-04,737,N,,,,,,,,,,,
journal,greetings,Greetings,2014-07-28,194,N,,,,,,,,,,,
journal,guru,Guru,2007-02-11,262,N,,,,,,,,,,,
journal,hackers-and-painters,Hackers and Painters,2005-11-12,40,N,,,,,,,,,,,
journal,hail-email,Hail Email,2005-07-22,1078,N,,,,,,,,,,,
journal,happiness-is-beautiful-birds-singing,Happiness is beautiful birds singing,2012-03-01,1211,N,,,,,,,,,,,
journal,happy-feet,Happy Feet,2007-02-13,490,Y,,,,,,,,,,,
journal,happy-ganeshas-birthday,Happy Ganesha's Birthday,2007-09-13,43,Y,,,,,,,,,,,
journal,happy-valentines-day,Happy Valentine's Day,2006-02-14,315,N,,,,,,,,,,,
journal,hayavadana,Hayavadana,2006-06-28,912,N,,,,,,,,,,,
journal,heegadre-hege,Heegadre Hege,2007-05-29,104,N,,,,,,,,,,,
journal,helpless,Helpless,2005-10-27,9,N,,,,,,,,,,,
journal,heyy-babyy,Heyy Babyy,2007-09-28,287,N,,,,,,,,,,,
journal,hid,HID,2007-08-15,10,Y,,,,,,,,,,,
journal,himesh-shows-signs-of-becoming-rajinikanth,Himesh shows signs of becoming Rajinikanth,2007-07-02,463,N,,,,,,,,,,,
journal,hny-10,HNY 10 :),2009-12-31,43,N,,,,,,,,,,,
journal,hny-2011,HNY 2011 :),2010-12-31,207,N,,,,,,,,,,,
journal,hny-2012,HNY 2012 :),2012-01-08,740,N,,,,,,,,,,,
journal,hny06,HNY06 :),2006-01-01,14,N,,,,,,,,,,,
journal,hny09,HNY09 :),2009-01-01,504,N,,,,,,,,,,,
journal,holiweek,Holiweek,2005-08-27,1097,N,,,,,,,,,,,
journal,home-of-ravikiran,Home,2020-07-19,695,Y,,,,,,,,,,,
journal,home-update,Home update,2005-03-15,143,N,,,,,,,,,,,
journal,home,Home,2018-07-07,0,N,,,,,,,,,,,
journal,homepage-2-2,Homepage,2007-07-02,344,N,,,,,,,,,,,
journal,homepage-2,Homepage,2007-06-27,342,N,,,,,,,,,,,
journal,homepage-backup,Homepage backup,2020-09-28,683,Y,,,,,,,,,,,
journal,honeymoon-travels-pvt-ltd,Honeymoon Travels Pvt Ltd,2007-08-11,415,N,,,,,,,,,,,
journal,honks,Honks,2006-01-10,18,N,,,,,,,,,,,
journal,hooked,Hooked,2014-10-31,67,N,,,,,,,,,,,
journal,hostel,Hostel,2008-03-12,256,N,,,,,,,,,,,
journal,how-i-selected-subjects,How I selected subjects..,2005-11-30,301,N,,,,,,,,,,,
journal,how-to-announce-your-death-to-the-world-using-wordpress-2-2,How to announce your death to the world using Wordpress,2007-05-21,387,Y,,,,,,,,,,,
journal,how-to-announce-your-death-to-the-world-using-wordpress-2,How to announce your death to the world using Wordpress,2007-05-17,376,Y,,,,,,,,,,,
journal,how-to-operate,How to operate,2014-11-07,185,N,,,,,,,,,,,
journal,hum-tum,Hum Tum,2004-11-05,999,N,6,5,4,5,5,7,N,F,2,Archive,Creative dialogue format shows personality; deeply personal
journal,hyperactive,Hyperactive,2007-02-10,0,N,,,,,,,,,,,
journal,i-am-blogger-2-in-economic-times,I am Blogger 2 in Economic Times,2005-12-13,47,N,,,,,,,,,,,
journal,i-am-frustrated-by-how-usability-studies-are-done,Untitled,2014-12-17,33,N,,,,,,,,,,,
journal,i-am-rich,I am rich!,2005-10-29,59,Y,,,,,,,,,,,
journal,i-dont-know-what-im-supposed-to-be-2-2,I don't know what I'm supposed to be,2008-05-03,185,N,,,,,,,,,,,
journal,i-dont-know-what-im-supposed-to-be-2,I don't know what I'm supposed to be,2008-05-03,185,N,,,,,,,,,,,
journal,i-have-been-reading-a-lot-and-it-is-very,Weekend Reading,2014-08-13,59,N,,,,,,,,,,,
journal,i-prefer-the-most-unfair-peace-to-the-most-righteous-war-marcus-t-cicero,I prefer the most unfair peace to the most righteous war. Marcus T Cicero,2007-10-03,838,N,,,,,,,,,,,
journal,i-thought,I thought,2005-12-11,98,N,,,,,,,,,,,
journal,identity-politics,Identity Politics,2018-07-14,98,N,,,,,,,,,,,
journal,if-anything-can-go-wrong,If anything can go wrong,2005-05-18,297,N,,,,,,,,,,,
journal,imaginary-blogmeet,Imaginary blogmeet,2006-09-12,267,N,,,,,,,,,,,
journal,imified,IMified !,2007-02-12,64,N,,,,,,,,,,,
journal,impact-of-advertisements,impact of advertisements & brands on society,2011-07-06,404,N,,,,,,,,,,,
journal,india-proud,India Proud!,2007-01-31,51,N,,,,,,,,,,,
journal,india-questions-aamir-khan,India questions Aamir Khan,2005-12-11,771,N,,,,,,,,,,,
journal,infinite-curiosity,Infinite curiosity,2014-10-08,66,N,,,,,,,,,,,
journal,info-2,Info,2006-03-22,60,N,,,,,,,,,,,
journal,infographic-mobile-advertising-battle-of-the-sexes-mobile-technology-news,Infographic: Mobile advertising battle of the sexes — Mobile Technology News,2011-08-23,88,N,,,,,,,,,,,
journal,instagram-facebook,Instagram - Facebook,2012-04-13,1009,N,,,,,,,,,,,
journal,interesting-video-about-monopoly-and,Competition is for losers,2014-10-23,11,N,,,,,,,,,,,
journal,internal-fights,Internal fights,2005-12-13,88,N,,,,,,,,,,,
journal,internet-advertising-and-targeting,Internet advertising and targeting,2011-09-20,1095,N,,,,,,,,,,,
journal,introductions,Introductions,2009-08-25,182,N,,,,,,,,,,,
journal,iqbal,Iqbal,2005-09-27,652,N,,,,,,,,,,,
journal,is-it,Is it?,2006-04-12,370,N,,,,,,,,,,,
journal,is-this-real,Is this real ?,2009-09-20,206,N,,,,,,,,,,,
journal,it-aint-about-how-hard-you-hit,It ain't about how hard you hit,2008-05-02,139,N,,,,,,,,,,,
journal,it-is-all-in-the-game,It is all in the game,2005-10-14,541,N,,,,,,,,,,,
journal,iti-ninna-amritha,Iti Ninna Amritha,2005-01-23,346,N,,,,,,,,,,,
journal,its-happening-in-pesit,Its happening in PESIT :),2005-12-26,20,N,,,,,,,,,,,
journal,jealous-guy-keeps-on-loving-you,Jealous guy keeps on loving you,2005-10-27,377,N,,,,,,,,,,,
journal,jhoom-barabar-jhoom,Jhoom Barabar Jhoom,2007-08-10,384,N,,,,,,,,,,,
journal,jodha-akbar,Jodha Akbar,2008-03-14,730,N,,,,,,,,,,,
journal,jogi-a-feel-that-never-ends,Jogi - A feel that never ends,2005-09-20,422,N,,,,,,,,,,,
journal,joining-accuweather,Joining AccuWeather,2011-08-22,689,Y,,,,,,,,,,,
journal,jote-joteyalikkgdonumrao-jaan,"Jote joteyali,KKG,Don,Umrao Jaan",2006-11-12,1431,N,,,,,,,,,,,
journal,journey,Journey,2014-11-15,1279,N,,,,,,,,,,,
journal,just-let-it-go,Just let it go,2005-03-31,257,N,,,,,,,,,,,
journal,just-what-i-wanted-to-say-1,Just what I wanted to say - 1,2007-05-30,691,N,,,,,,,,,,,
journal,just-what-i-wanted-to-say-2,Just what I wanted to say - 2,2007-05-31,299,N,,,,,,,,,,,
journal,just-what-i-wanted-to-say-3-2,Just what I wanted to say - 3,2007-06-03,584,N,,,,,,,,,,,
journal,just-what-i-wanted-to-say-4,Just what I wanted to say - 4,2008-09-16,101,N,,,,,,,,,,,
journal,kads,Kads.,2008-08-05,40,Y,,,,,,,,,,,
journal,kafkas-metamorphosis,Kafka's Metamorphosis,2007-02-11,236,N,,,,,,,,,,,
journal,kajol-2,Kajol,2011-08-05,82,N,,,,,,,,,,,
journal,kajol-as-sita,Kajol as Sita,2006-09-29,49,N,,,,,,,,,,,
journal,kajol-doll,Kajol doll,2006-09-18,95,Y,,,,,,,,,,,
journal,kajol,Kajol,2005-06-11,222,N,,,,,,,,,,,
journal,kane-and-abel-jeffry-archer,Kane and Abel - Jeffry Archer,2007-10-01,618,N,,,,,,,,,,,
journal,kank-srk-godzilla,"Kank, Srk, Godzilla",2006-09-12,375,N,,,,,,,,,,,
journal,kannada-rajyothsava,Kannada Rajyothsava,2006-11-01,53,N,,,,,,,,,,,
journal,killers-and-deaths-everywhere,Killers and deaths everywhere,2014-11-18,254,N,,,,,,,,,,,
journal,king-of-tokyo,King of Tokyo,2018-09-03,262,N,,,,,,,,,,,
journal,koffee-main-tum-aur-hum-ravana,"Koffee, Main Tum aur Hum, Ravana",2007-02-11,495,N,,,,,,,,,,,
journal,krrish-cyanideomkarasomething-somethingvettaiyaadu,"Krrish, Cyanide,Omkara,Something something,Vettaiyaadu ..",2006-09-12,639,N,,,,,,,,,,,
journal,lage-raho-munnabhai,Lage Raho Munnabhai,2006-09-12,502,N,,,,,,,,,,,
journal,lamentine-day-2,Lamentine Day,2008-03-05,582,N,,,,,,,,,,,
journal,last-nail-in-the-coffin,Last nail in the coffin,2006-04-17,524,N,,,,,,,,,,,
journal,laugh-cry,Laugh-Cry,2006-03-14,32,N,,,,,,,,,,,
journal,laugher-club,Laugher Club,2005-01-23,433,N,,,,,,,,,,,
journal,launch,Launch !,2004-12-01,103,N,4,4,4,5,5,7,N,A,3,Archive,First blog announcement post; historically interesting
journal,leadership-multitasking-and-others,"Leadership, Multitasking and others",2010-08-11,2427,N,,,,,,,,,,,
journal,leadership,"Leadership, multitasking, reading, friendship",2010-08-11,2464,N,,,,,,,,,,,
journal,lens-2,Lens,2005-04-06,199,N,,,,,,,,,,,
journal,life-in-a-metro,Life in a Metro,2007-06-05,633,N,,,,,,,,,,,
journal,life-is-a-marathon,Life is a marathon,2011-08-18,109,N,,,,,,,,,,,
journal,life-is,Life is,2005-04-24,50,N,,,,,,,,,,,
journal,link-blog-1228,Link blog,2007-07-29,242,N,,,,,,,,,,,
journal,link-blog,Link Blog,2006-01-07,0,N,,,,,,,,,,,
journal,lists,Lists,2018-07-08,71,N,,,,,,,,,,,
journal,little_miss_sunshine,All those years he suffered were the best years of his life,2008-06-02,397,N,,,,,,,,,,,
journal,loud_music_and_dim_lights,Loud music and Dim lights,2009-03-10,806,N,,,,,,,,,,,
journal,love-and-hate,Love and hate,2005-10-02,20,N,,,,,,,,,,,
journal,love-or-arranged,Love or arranged ?,2005-11-30,60,N,,,,,,,,,,,
journal,luck-and-hope-and-some-other-senseless-things,Luck and hope and some other senseless things ..,2009-03-04,279,N,,,,,,,,,,,
journal,lyrics-time,Lyrics time..,2008-10-13,463,N,,,,,,,,,,,
journal,madikeri-and-coastal-karnataka-tour,Madikeri and Coastal Karnataka Tour,2006-06-26,2151,N,,,,,,,,,,,
journal,mafia,Mafia,2018-08-25,453,N,,,,,,,,,,,
journal,man-who-knew-infinity-abachurina-post-office-toofan-mail,"Man who knew infinity, Abachurina Post office, Toofan Mail",2006-09-12,338,N,,,,,,,,,,,
journal,mania,Mania,2007-07-20,145,N,,,,,,,,,,,
journal,manorama-six-feet-under,Manorama Six Feet Under,2007-10-08,130,N,,,,,,,,,,,
journal,manual-of-me,Manual of Me,2020-11-19,740,N,,,,,,,,,,,
journal,marketingbasics,Basics of Marketing - as applied to mobile apps,2014-07-28,62,N,,,,,,,,,,,
journal,marriages,Marriages,2005-08-17,299,N,,,,,,,,,,,
journal,maths-joke-2,Maths joke,2007-08-03,434,N,,,,,,,,,,,
journal,mauli-dave-2-2,Mauli Dave - 2,2007-05-23,193,N,,,,,,,,,,,
journal,mauli-dave-2,Mauli Dave,2007-05-21,88,N,,,,,,,,,,,
journal,memory,Memory,2006-05-15,83,N,,,,,,,,,,,
journal,menasinakayi-baji-2,Menasinakayi baji,2008-04-24,250,N,,,,,,,,,,,
journal,microsoft-surface-hot-off-the-press,Microsoft Surface - hot off the press,2007-05-31,64,N,,,,,,,,,,,
journal,midnight-marathon-experience,Midnight Marathon Experience,2009-01-15,1744,Y,,,,,,,,,,,
journal,milkshake_before_sunrise,Don't you know me ? Don't you know me by now ?,2009-03-16,345,N,,,,,,,,,,,
journal,millennial-android-tops-ios-for-the-eighth-month-with-61-percent-of-mobile-ad-impressions-in-july-techcrunch,Millennial: Android Tops iOS For The Eighth Month With 61 Percent Of Mobile Ad Impressions In July | TechCrunch,2011-08-24,181,N,,,,,,,,,,,
journal,mini-book-reviews,Mini Book Reviews,2007-08-07,865,N,,,,,,,,,,,
journal,minimum-blogging-guaranteed,Minimum blogging guaranteed!,2005-12-10,193,N,,,,,,,,,,,
journal,mobile-changing-the-way-we-live,Mobile changing the way we live,2011-08-06,6,N,,,,,,,,,,,
journal,mobile-spending,Mobile changing the way people spend,2011-08-08,144,N,,,,,,,,,,,
journal,mobile-technology-2011,Mobile Technology 2011,2011-08-29,0,N,,,,,,,,,,,
journal,mocha,Mocha,2007-05-28,422,Y,,,,,,,,,,,
journal,mock-interview-ibm,"Mock interview, IBM",2009-08-28,539,N,,,,,,,,,,,
journal,movie-mela,Movie Mela,2007-02-11,421,N,,,,,,,,,,,
journal,movies-in-usa,Movies in USA,2010-08-15,477,N,,,,,,,,,,,
journal,mr-techno,Mr Techno,2007-02-10,0,N,,,,,,,,,,,
journal,mumbai-navigator,Mumbai Navigator,2005-12-16,161,N,,,,,,,,,,,
journal,mungaru-male,Mungaru Male,2007-05-23,1549,N,,,,,,,,,,,
journal,munnar-and-ootywhich-comes-on-the-way,Munnar and Ooty(which comes on the way),2004-12-04,895,N,5,6,4,5,5,6,N,F,2,Archive,Travel log; good detail but personal
journal,my-autograph,My autograph,2006-04-17,605,N,,,,,,,,,,,
journal,my-daily-happenings,My Daily Happenings,2004-12-07,81,N,6,4,4,4,6,7,N,F,2,Archive,Dry humor piece about routine; charming brevity
journal,my-favorite-speeches,My favorite speeches,2010-08-11,0,N,,,,,,,,,,,
journal,my-interview-on-penn-state-e-newsletter-old-one,My interview on Penn State E-newsletter ( old one),2012-05-29,1086,Y,,,,,,,,,,,
journal,my-interviewarticle-in-business-world,My interview/article in Business World,2012-02-26,222,Y,,,,,,,,,,,
journal,mycomments,My Comments,2006-09-16,0,N,,,,,,,,,,,
journal,mysterious_bird,Mysterious Bird,2009-03-22,1115,N,,,,,,,,,,,
journal,name-change-game,Name change game,2005-12-12,263,N,,,,,,,,,,,
journal,negation,Negation,2005-07-04,90,N,,,,,,,,,,,
journal,nenapirali,Nenapirali,2006-09-12,570,N,,,,,,,,,,,
journal,netflix-and-recent-price-hike,Netflix and recent price hike,2011-08-05,988,Y,,,,,,,,,,,
journal,new-kajol-ads,New Kajol ads ?,2010-07-30,36,N,,,,,,,,,,,
journal,new-kannada,New kannada,2005-12-13,9,N,,,,,,,,,,,
journal,new-marketing-thoughts,New Marketing Thoughts,2014-12-01,612,N,,,,,,,,,,,
journal,new-why,New! Why?,2008-04-05,254,N,,,,,,,,,,,
journal,newsletter-2894,Newsletter,2020-10-12,695,Y,,,,,,,,,,,
journal,newsletter,Newsletter,2020-09-28,683,Y,,,,,,,,,,,
journal,no-i-did-not-miss,No I did not miss,2005-12-12,354,N,,,,,,,,,,,
journal,no-input-no-output,"No input, No output",2005-07-12,358,N,,,,,,,,,,,
journal,no-surprises,No surprises,2005-12-21,70,N,,,,,,,,,,,
journal,not-bad,Not bad ..,2005-10-20,45,N,,,,,,,,,,,
journal,notice,Notice,2005-12-13,140,N,,,,,,,,,,,
journal,o-saathi-re,O saathi re,2010-09-22,87,N,,,,,,,,,,,
journal,office-update,Office Update,2005-03-15,176,N,,,,,,,,,,,
journal,old-maid,Old Maid,2018-09-03,279,N,,,,,,,,,,,
journal,omar-abdullah,Omar Abdullah,2008-07-26,159,N,,,,,,,,,,,
journal,ombattu-gudda,Ombattu Gudda,2004-09-08,2611,N,5,5,4,4,5,7,N,F,2,Archive,"Trek narrative; personal charm, not for public"
journal,on-amazon-echo,On Amazon Echo,2014-11-08,767,N,,,,,,,,,,,
journal,on-cab-drivers,on cab drivers,2011-07-30,859,N,,,,,,,,,,,
journal,on-comments,On comments,2005-10-20,36,N,,,,,,,,,,,
journal,on-google-glass,On Google Glass,2014-11-17,751,N,,,,,,,,,,,
journal,on-joe-pa,on Joe Pa,2012-07-24,2309,Y,,,,,,,,,,,
journal,on-leadership-and-management,On Leadership and Management,2018-07-14,23,N,,,,,,,,,,,
journal,on-my-way-beat,On my way …..BEAT,2004-12-23,216,N,7,6,5,7,6,7,N,F,3,Archive,Best writing in this batch — stream-of-consciousness rhythm works
journal,on-optimism,On optimism,2014-09-11,463,N,,,,,,,,,,,
journal,on-phone,On Phone,2006-09-05,1398,N,,,,,,,,,,,
journal,on-the-web,On the web,2010-06-19,3,N,,,,,,,,,,,
journal,on-writing-and-journalling,On Writing and Journalling,2018-07-15,1,N,,,,,,,,,,,
journal,one-more,One more,2005-12-11,48,N,,,,,,,,,,,
journal,one-red-paper-clip,One red paper clip,2006-07-11,73,N,,,,,,,,,,,
journal,one-year,One year ..,2010-08-05,210,Y,,,,,,,,,,,
journal,oo-aa-ouch,Oo Aa Ouch,2004-12-18,25,N,3,3,2,3,4,5,N,A,1,Archive,One-liner about sprained leg; no substance
journal,open-source-blogging-work-life-balance,"Open Source, Blogging, Work-Life balance.",2005-08-10,378,N,,,,,,,,,,,
journal,opportunity-knocks,Opportunity knocks,2013-05-16,44,N,,,,,,,,,,,
journal,orkut-and-feeds,Orkut and Feeds,2007-06-13,197,N,,,,,,,,,,,
journal,orkut-and-me,Orkut and me,2006-05-09,171,N,,,,,,,,,,,
journal,other-side-of-outsourcing,Other side of outsourcing,2005-12-28,1143,N,,,,,,,,,,,
journal,outing,Outing,2006-09-12,360,Y,,,,,,,,,,,
journal,output_barutte,Output barutte,2008-06-04,216,N,,,,,,,,,,,
journal,oxymoronica,oxymoronica,2004-12-01,438,N,5,5,6,5,5,6,N,F,3,Archive,Book response; shows intellectual curiosity
journal,packed-weekend,Packed Weekend,2004-12-28,233,N,4,4,4,4,5,6,N,A,2,Archive,Weekend recap; thin content
journal,pai-viceroy-meet,Pai Viceroy  Meet,2005-07-11,22,N,,,,,,,,,,,
journal,parenting-is,Parenting is,2009-08-27,381,N,,,,,,,,,,,
journal,passion-2-2,Passion,2008-04-09,80,N,,,,,,,,,,,
journal,passion-2,Passion,2008-04-09,80,N,,,,,,,,,,,
journal,passion-or-fillers,Passion or fillers ..,2012-03-30,691,N,,,,,,,,,,,
journal,passion-talent-and-excitement,"Passion, talent and excitement....",2006-09-13,195,N,,,,,,,,,,,
journal,pen-vodafone-ad,Pen-Vodafone Ad,2008-06-13,82,N,,,,,,,,,,,
journal,penn-state-commencement-speech,Penn State Commencement Speech 2011 by Prof Hambrick,2011-09-02,1423,N,,,,,,,,,,,
journal,people,People,2005-03-17,324,N,,,,,,,,,,,
journal,philosophy,Philosophy,2005-02-14,240,N,,,,,,,,,,,
journal,photo-gallery,Photo Gallery,2006-04-17,21,N,,,,,,,,,,,
journal,pksedorkkg,"PKSE,Dor,KKG",2006-09-25,954,N,,,,,,,,,,,
journal,please-tell-me,Please tell me.,2006-02-13,122,N,,,,,,,,,,,
journal,podcasts,Podcasts,2018-07-08,221,N,,,,,,,,,,,
journal,poem-on-lagey-raho,Poem on Lagey raho,2006-09-12,9,N,,,,,,,,,,,
journal,polio,Polio,2007-02-10,0,N,,,,,,,,,,,
journal,post-1146,Untitled,2010-08-04,17,N,,,,,,,,,,,
journal,post-1166,Untitled,2010-08-08,9,N,,,,,,,,,,,
journal,post-1681,Untitled,2011-08-07,6,Y,,,,,,,,,,,
journal,post-1682,Untitled,2011-08-07,1,N,,,,,,,,,,,
journal,post-1880,Untitled,2018-07-17,0,N,,,,,,,,,,,
journal,post-2806,Untitled,2020-09-26,106,N,,,,,,,,,,,
journal,potato-is-injurious-to-health,Potato is injurious to health,2005-04-01,100,N,,,,,,,,,,,
journal,power-and-responsibility,Power and Responsibility,2006-01-11,8,N,,,,,,,,,,,
journal,power-of-bloggers,Power of bloggers,2005-10-13,599,N,,,,,,,,,,,
journal,press,Press,2011-07-01,14,N,,,,,,,,,,,
journal,priority,Priority,2005-03-17,33,N,,,,,,,,,,,
journal,product-management-lessons-how-not-to-become-a-project-manager,Product Management Lessons: How Not to Become a Project Manager,2020-09-25,0,N,,,,,,,,,,,
journal,product-management,Product Management,2018-07-16,12,N,,,,,,,,,,,
journal,protoin,Proto.in,2007-02-12,31,N,,,,,,,,,,,
journal,prudential,Prudential,2020-09-26,211,Y,,,,,,,,,,,
journal,punekar,Punekar,2006-10-14,176,N,,,,,,,,,,,
journal,punishment,Punishment,2009-03-29,627,N,,,,,,,,,,,
journal,python-meet,Python meet,2005-03-15,192,N,,,,,,,,,,,
journal,question,Question,2005-12-20,129,N,,,,,,,,,,,
journal,quick-orkut-features-testing,Quick Orkut features testing,2007-09-02,78,N,,,,,,,,,,,
journal,quotes,Quotes,2009-09-12,180,N,,,,,,,,,,,
journal,radio-one,Radio One,2006-09-12,177,N,,,,,,,,,,,
journal,raja-hasan-and-sarika,Raja Hasan and Sarika,2007-07-06,415,N,,,,,,,,,,,
journal,random-bursts-of-thoughts-and-activity-log-2,Random bursts of thoughts and activity log!,2007-07-29,1025,N,,,,,,,,,,,
journal,random-bursts-of-thoughts-and-happenings-2nd-edition-3-2,Random Bursts of Thoughts and Happenings - 2nd Edition,2007-10-04,417,N,,,,,,,,,,,
journal,random-bursts-of-thoughts-and-happenings-2nd-edition-3,Random Bursts of Thoughts and Happenings - 2nd Edition,2007-09-24,257,N,,,,,,,,,,,
journal,rang-de-basanti,Rang de Basanti,2006-02-12,1376,N,,,,,,,,,,,
journal,rangan-on-naksha-and-munna,Rangan on Naksha and Munna,2006-09-13,326,N,,,,,,,,,,,
journal,rangashankara-maduve-maduve,Rangashankara - Maduve Maduve,2007-06-06,344,N,,,,,,,,,,,
journal,rangashankara-mallinatha-dhyana,Rangashankara - Mallinatha Dhyana,2007-06-05,444,N,,,,,,,,,,,
journal,rangashankara-neenaanaadrenaaneenena,Rangashankara - Neenaanaadrenaaneenena,2007-08-06,400,N,,,,,,,,,,,
journal,rangashankara-rehearsal,RangaShankara – Rehearsal,2004-11-30,601,N,5,6,5,6,6,6,N,F,2,Archive,Theatre visit write-up; decent descriptive writing
journal,rangashankara-sankramana,Rangashankara - Sankramana,2007-05-24,986,Y,,,,,,,,,,,
journal,rangashankara-sleuth,Rangashankara - Sleuth,2005-06-11,353,N,,,,,,,,,,,
journal,rangashankara-the-final-rehearsal,Rangashankara - The Final Rehearsal,2004-12-19,337,N,5,6,5,5,6,6,N,F,2,Archive,Theatre review; better than the first rehearsal post
journal,rant,Rant,2007-05-18,465,N,,,,,,,,,,,
journal,rdb-page-3-and-shantaram,"RDB, Page 3 and Shantaram",2006-03-02,427,N,,,,,,,,,,,
journal,reader,Reader,2013-07-02,523,Y,,,,,,,,,,,
journal,recurring-dream,Recurring dream,2018-07-28,448,N,,,,,,,,,,,
journal,recursive,Recursive,2005-10-06,31,N,,,,,,,,,,,
journal,resume,Resume,2020-09-24,858,N,,,,,,,,,,,
journal,reviews,Reviews,2006-09-01,0,N,,,,,,,,,,,
journal,rim-suffers-as-it-waits-for-a-turnaround-tech-news-and-analysis,RIM suffers as it waits for a turnaround — Tech News and Analysis,2011-09-16,126,N,,,,,,,,,,,
journal,roadmap-and-customer-meeting,Roadmap and customer meeting,2014-11-11,508,N,,,,,,,,,,,
journal,robert-ballard-discoverer-of-titanic,"Robert Ballard, discoverer of Titanic",2011-11-11,655,N,,,,,,,,,,,
journal,rock-on,Rock On,2008-09-05,1016,N,,,,,,,,,,,
journal,rss-2,RSS,2006-09-27,411,N,,,,,,,,,,,
journal,rukhawat-ke-liye-khed-hai,Rukhawat ke liye KHED hai....,2005-02-03,67,N,,,,,,,,,,,
journal,running,Running,2009-01-12,1123,N,,,,,,,,,,,
journal,sachin-off-and-on,Sachin off and on,2006-11-07,108,N,,,,,,,,,,,
journal,sadarame-rangashankara,Sadarame - Rangashankara,2009-03-17,495,N,,,,,,,,,,,
journal,sahara,Sahara,2005-07-19,82,N,,,,,,,,,,,
journal,salaam-e-ishq-black-friday-in-pursuit,"Salaam-e-Ishq, Black Friday, In pursuit",2007-06-01,294,N,,,,,,,,,,,
journal,sankranti-and-the-weekend-that-was,Sankranti and the weekend that was,2006-01-19,338,N,,,,,,,,,,,
journal,sankranti,Sankranti,2005-11-23,497,N,,,,,,,,,,,
journal,sarkar,Sarkar,2005-07-04,365,N,,,,,,,,,,,
journal,saturday-working,Saturday working,2007-07-25,361,N,,,,,,,,,,,
journal,satyavan-savitri,Satyavan Savitri,2007-08-08,270,N,,,,,,,,,,,
journal,say-right-point-left,"Say right, point left",2006-01-27,15,N,,,,,,,,,,,
journal,schema-estj,"Schema, ISTJ",2009-09-01,252,N,,,,,,,,,,,
journal,see-me,See me!,2005-01-02,16,Y,2,2,1,2,3,4,N,A,1,Delete,Just a photo placeholder; no content
journal,sendoff,Sendoff!,2007-05-18,526,Y,,,,,,,,,,,
journal,shadow,Shadow,2007-02-11,0,N,,,,,,,,,,,
journal,shantaram,Shantaram,2006-05-20,3806,N,,,,,,,,,,,
journal,shiva-at-murudeshwar,Shiva at Murudeshwar,2006-06-18,46,N,,,,,,,,,,,
journal,site-maintenance-private-post,Site Maintenance Private Post,2018-07-14,185,N,,,,,,,,,,,
journal,skills-of-interview,Skills of Interview,2005-03-21,212,N,,,,,,,,,,,
journal,sleep,Sleep,2006-03-09,920,N,,,,,,,,,,,
journal,sms_timepass,Sms_Timepass,2005-03-15,817,N,,,,,,,,,,,
journal,snake-game,Snake Game,2006-09-24,408,N,,,,,,,,,,,
journal,some-miss-some-hits,Some miss some hits,2005-11-27,399,N,,,,,,,,,,,
journal,some-photos,Some photos,2005-11-12,40,N,,,,,,,,,,,
journal,some-posts-on-first-kiss,Some posts on first kiss!,2007-06-02,168,N,,,,,,,,,,,
journal,some-rant,Some rant,2005-10-08,939,N,,,,,,,,,,,
journal,sorry-bhai,Sorry Bhai!!,2008-12-19,529,N,,,,,,,,,,,
journal,sour-grapes,Sour grapes,2008-07-08,5,N,,,,,,,,,,,
journal,status-update,Status Update,2006-09-12,138,N,,,,,,,,,,,
journal,stumbled,Stumbled,2005-10-14,412,N,,,,,,,,,,,
journal,subjects-and-interviews,Subjects and interviews,2009-08-25,557,N,,,,,,,,,,,
journal,sudoku,Sudoku,2005-07-11,269,N,,,,,,,,,,,
journal,talk-during-lunch,Talk during lunch,2006-09-22,11,N,,,,,,,,,,,
journal,talkr,Talkr,2007-06-14,242,N,,,,,,,,,,,
journal,tasty-smart,"Tasty, Smart",2005-04-01,200,N,,,,,,,,,,,
journal,tata-leadership,Tata - An analysis of strategic leadership,2011-08-20,1736,Y,,,,,,,,,,,
journal,team-building-activities,Team building activities,2007-09-21,579,N,,,,,,,,,,,
journal,teams-class,Teams class,2009-08-26,119,N,,,,,,,,,,,
journal,tedxpsu-2011,TEDxPSU 2011,2011-11-19,1608,Y,,,,,,,,,,,
journal,test-1-2-3,test 1 2 3,2005-04-23,1,Y,,,,,,,,,,,
journal,test,test,2010-08-02,17,N,,,,,,,,,,,
journal,thank-you-note,Thank you note !,2007-02-11,1926,N,,,,,,,,,,,
journal,thank-you,Thank you,2020-09-28,37,N,,,,,,,,,,,
journal,thanks-pooja,Thanks Pooja,2005-07-25,27,N,,,,,,,,,,,
journal,thats-not-a-four,Thats  (not) a four!,2006-02-05,285,N,,,,,,,,,,,
journal,the-finisher,The Finisher,2008-04-03,1440,N,,,,,,,,,,,
journal,the-myth,The Myth,2005-11-29,210,N,,,,,,,,,,,
journal,the-other-side-of-outsourcing,The other side of outsourcing,2007-02-10,8,N,,,,,,,,,,,
journal,the-pleasure-of-finding-things-out-rp-feynman,The pleasure of finding things out - RP Feynman,2007-02-11,83,N,,,,,,,,,,,
journal,the-real-privacy-scandal-on-social-networks-the-feds-are-spying-on-their-friends,The Real Privacy Scandal On Social Networks: The Feds Are Spying On Their “Friends”,2010-10-23,34,N,,,,,,,,,,,
journal,the-rise-of-android-and-why-it-could-be-about-to-crumble-tnw-google,The rise of Android and why it could be about to crumble - TNW Google,2011-08-08,245,N,,,,,,,,,,,
journal,the_shawshank_redemption,Get busy living or get busy dying,2008-06-06,1403,N,,,,,,,,,,,
journal,themese,themese,2011-04-07,47,N,,,,,,,,,,,
journal,theory-n-practice,Theory n Practice,2005-09-01,36,N,,,,,,,,,,,
journal,there-is-so-much-to,There is so much to,2009-09-19,491,N,,,,,,,,,,,
journal,thon5k-wake-up-call,Thon5k - wake up call,2010-10-21,309,N,,,,,,,,,,,
journal,ticket-to-ride,Ticket to Ride,2018-08-25,381,N,,,,,,,,,,,
journal,time,Time,2009-04-21,375,N,,,,,,,,,,,
journal,titanic-remix,Titanic remix,2007-03-08,13,N,,,,,,,,,,,
journal,to-do-something-well-you-have-to-like-it,To do something well you have to like it,2006-01-24,1268,N,,,,,,,,,,,
journal,to-kill-a-mocking-bird,To Kill a Mocking Bird,2007-09-27,442,N,,,,,,,,,,,
journal,to-start-with,To start with,2006-01-18,243,N,,,,,,,,,,,
journal,toonpur-ka-superhero,Toonpur Ka Superhero,2010-11-08,16,N,,,,,,,,,,,
journal,top-20-android-apps-in-the-us-women-like-facebook-men-love-maps-and-mail-nielsen-wire,"Top 20 Android Apps in the US: Women Like Facebook, Men Love Maps and Mail | Nielsen Wire",2011-09-13,275,N,,,,,,,,,,,
journal,translated-songs,Translated songs,2006-09-27,145,N,,,,,,,,,,,
journal,trap-trip-report-and-analysis-pondicherry,TRAP - Trip Report and Analysis (Pondicherry),2004-05-15,741,N,5,5,4,4,5,7,N,F,2,Archive,Personal trip report; warm voice but rough prose and encoding issues
journal,travel-travail,Travel travail,2011-01-10,549,N,,,,,,,,,,,
journal,trivial,Trivial,2007-05-21,621,N,,,,,,,,,,,
journal,truest-friend-and-noblest-foe,Truest friend and noblest foe,2011-07-03,582,N,,,,,,,,,,,
journal,tsu,Tsu,2014-10-29,226,N,,,,,,,,,,,
journal,tunak-tunak-tun,Tunak Tunak Tun,2006-10-10,70,N,,,,,,,,,,,
journal,twenty20,Twenty20,2007-09-29,1500,N,,,,,,,,,,,
journal,twin-city-tour-day-1,Twin City Tour - Day 1,2005-08-18,401,N,,,,,,,,,,,
journal,twin-city-tour-day-2,Twin City Tour- Day 2,2005-08-18,183,N,,,,,,,,,,,
journal,twin-city-tour-day-3,Twin City Tour - Day 3,2005-08-18,571,N,,,,,,,,,,,
journal,twin-city-tour-start,Twin City Tour - Start,2005-08-21,413,N,,,,,,,,,,,
journal,twitter-2,Twitter,2007-06-16,1857,Y,,,,,,,,,,,
journal,two-news-items,Two news items..,2009-01-24,457,N,,,,,,,,,,,
journal,u-me-aur-hum-2-2,U Me Aur Hum,2008-04-13,607,N,,,,,,,,,,,
journal,u-me-aur-hum-3,U Me Aur Hum,2008-04-11,64,Y,,,,,,,,,,,
journal,ubuntu-tux,Ubuntu Tux,2005-03-27,236,N,,,,,,,,,,,
journal,ubuntu,Ubuntu,2007-06-27,159,N,,,,,,,,,,,
journal,ultrarunner,Ultrarunner,2006-09-15,197,N,,,,,,,,,,,
journal,united-93,United 93,2007-02-12,152,N,,,,,,,,,,,
journal,updates,Updates,2005-03-15,52,N,,,,,,,,,,,
journal,upgrading-the-dream,Upgrading the dream,2006-10-10,554,N,,,,,,,,,,,
journal,upset,Upset!,2006-09-18,226,N,,,,,,,,,,,
journal,ux-of-quest-lab-self-check-in,UX of Quest Lab Self Check-in,2018-08-31,198,N,,,,,,,,,,,
journal,veer-zaara,Veer Zaara,2004-11-30,279,N,5,5,5,5,6,6,N,F,2,Archive,Film review; formula-driven but competent
journal,vertigo,Vertigo,2007-05-25,1427,N,,,,,,,,,,,
journal,view-from-balcony,View from Balcony,2006-07-09,434,N,,,,,,,,,,,
journal,vismerized,VISMERIZED !,2005-12-19,1080,N,,,,,,,,,,,
journal,voice-and-ai,Voice and AI,2018-07-14,34,N,,,,,,,,,,,
journal,waking-up-to-loud-noise,Waking up to loud noise,2005-12-20,145,N,,,,,,,,,,,
journal,war-of-the-cities,Tale of cities,2005-09-20,572,N,,,,,,,,,,,
journal,war-of-the-worlds,War of the worlds,2005-07-21,89,N,,,,,,,,,,,
journal,way-to-go,Way to go,2005-03-23,17,N,,,,,,,,,,,
journal,wayanad,Wayanad,2005-09-20,1796,N,,,,,,,,,,,
journal,we-are-family,We are family,2010-07-30,26,N,,,,,,,,,,,
journal,weekend-end,Weekend-end,2009-08-30,256,N,,,,,,,,,,,
journal,weekend-movies-2,Weekend movies,2005-11-14,459,N,,,,,,,,,,,
journal,weekend-movies,Weekend Movies,2005-01-31,104,N,,,,,,,,,,,
journal,weekend-reading-1712,Weekend Reading,2011-09-21,185,N,,,,,,,,,,,
journal,weekend-reading-2,Weekend Reading,2011-08-06,384,N,,,,,,,,,,,
journal,weekend-reading-3,Weekend Reading,2011-08-13,583,N,,,,,,,,,,,
journal,weekend-reading-4,Weekend reading,2011-08-20,333,N,,,,,,,,,,,
journal,weekend-reading-5,Weekend Reading,2011-09-24,620,N,,,,,,,,,,,
journal,weekend-reading,Weekend reading,2011-07-29,391,N,,,,,,,,,,,
journal,weirdness-quotient,Weirdness Quotient,2006-08-20,537,N,,,,,,,,,,,
journal,what-are-indians-known-for,what are Indians known for ?,2011-07-24,108,Y,,,,,,,,,,,
journal,what-do-i-do,What do I do ?,2004-12-25,256,N,5,4,4,5,5,6,N,A,2,Archive,"Overwhelm list; personal, no public value"
journal,what-the-hell-is-wrong-with-google-reader-blogspot,What the hell is wrong with Google Reader - Blogspot,2007-05-20,96,N,,,,,,,,,,,
journal,whats-making-difference,Whats making difference?,2005-12-18,235,N,,,,,,,,,,,
journal,whats-your-ted-talk-going-to-be,What’s your TED talk going to be ?,2014-04-17,277,N,,,,,,,,,,,
journal,who-are-you,Who are you ???,2005-03-17,161,N,,,,,,,,,,,
journal,who-doesnt-want-to-fly,Who doesn’t want to fly ?,2005-10-08,82,N,,,,,,,,,,,
journal,who-moved-my-cheese,Who moved my cheese,2005-01-31,242,N,,,,,,,,,,,
journal,why-bad-movies-are-good-for-fans-of-actor-2,Why bad movies are good for fans of actor,2008-05-11,676,Y,,,,,,,,,,,
journal,why-do-people-think-apple-pay-is-so-innovativean,Why do people think Apple Pay is so innovative—an equivalent feature has been part of Android for more than two years? - Quora,2014-10-30,289,N,,,,,,,,,,,
journal,why-i-am-switching-from-android-to-iphone-19,Why I am switching from Android to iPhone,2015-09-24,244,N,,,,,,,,,,,
journal,why-i-am-switching-from-android-to-iphone,Why I am switching from Android to iPhone,2015-09-24,1180,N,,,,,,,,,,,
journal,why-terrorists-struck-bangalore,Why terrorists struck Bangalore,2005-12-29,5,N,,,,,,,,,,,
journal,why-we-act-everything-happens-to-us-is-a-big-deal,Why we act everything happens to us is a big deal ..,2009-09-14,15,N,,,,,,,,,,,
journal,woh-lamhe,Woh Lamhe,2006-10-10,245,N,,,,,,,,,,,
journal,wp-automatic-upgrade-and-other-things-related-to-this-blog-2,WP automatic upgrade and other things related to this blog,2007-07-22,453,N,,,,,,,,,,,
journal,wp201-and-more,WP201 and more,2006-03-06,453,N,,,,,,,,,,,
journal,wp23-upgrade-woes,WP2.3 upgrade woes,2007-10-10,212,N,,,,,,,,,,,
journal,wpcom,WP.com,2005-10-24,166,N,,,,,,,,,,,
journal,yahoo-pipes-2-2,Yahoo! Pipes,2007-06-30,742,N,,,,,,,,,,,
journal,yahoo-pipes-2,Yahoo Pipes,2007-06-27,743,N,,,,,,,,,,,
journal,youniverse-visual-dna,Youniverse - Visual DNA,2008-10-18,1,Y,,,,,,,,,,,
journal,yt-newsletter,Yt newsletter,2009-07-14,170,N,,,,,,,,,,,
journal,yuva,Yuva,2004-11-02,509,N,5,5,5,5,6,6,N,F,3,Archive,Bollywood review with some film craft observation
journal,zindagi-rocks,Zindagi Rocks,2006-10-10,60,N,,,,,,,,,,,
wedding,165,Wedding Post by Melanged,2013-03-16,340,Y,,,,,,,,,,,
wedding,about-her-family,Her Family,2012-12-22,152,Y,,,,,,,,,,,
wedding,about-him,About Ravikiran,2012-12-22,310,Y,,,,,,,,,,,
wedding,about-his-family,His Family,2012-12-22,99,Y,,,,,,,,,,,
wedding,about-us,Our Story So Far,2012-12-22,206,Y,,,,,,,,,,,
wedding,baltimore-labor-day-aug-31-sept-2,"Baltimore , Labor Day Aug 31 - Sept 2",2013-09-05,194,Y,,,,,,,,,,,
wedding,black-moshannon-again-aug-17,"Black Moshannon, again - Aug 17",2013-08-18,37,Y,,,,,,,,,,,
wedding,blue-and-white-weekend-apr-18-21,Blue and White weekend : Apr 18-21,2013-04-26,277,N,,,,,,,,,,,
wedding,breaking-bad,Breaking Bad,2013-11-04,356,N,,,,,,,,,,,
wedding,camping-at-black-moshannon-july-19-21,Camping at Black Moshannon - July 19-21,2013-08-03,1141,N,,,,,,,,,,,
wedding,car-show-and-swimming-aug-10-11,"Car show and swimming - Aug 10, 11",2013-08-12,122,N,,,,,,,,,,,
wedding,ceremony,Wedding Ceremony,2012-12-21,65,Y,,,,,,,,,,,
wedding,cruise,Cruise,2018-07-14,4,N,,,,,,,,,,,
wedding,day-2-2,Day 2,2013-11-04,0,Y,,,,,,,,,,,
wedding,day-2-self-portrait,Day 2- Self portrait,2013-11-04,0,Y,,,,,,,,,,,
wedding,day-2,Day 2,2013-11-04,20,Y,,,,,,,,,,,
wedding,day-3-origami,Day 3-Origami,2013-11-04,11,Y,,,,,,,,,,,
wedding,day-3,Day 3,2013-11-04,25,Y,,,,,,,,,,,
wedding,day-4-food,Day 4 - Food,2013-11-04,53,Y,,,,,,,,,,,
wedding,day-4-my-first-pie,Day 4 - My first pie,2013-11-04,8,Y,,,,,,,,,,,
wedding,day-5-mask,Day 5 - Mask,2013-11-04,29,Y,,,,,,,,,,,
wedding,day-5-panna-panda,Day 5 - Panna Panda ;),2013-11-04,17,Y,,,,,,,,,,,
wedding,day-5-sketches,Day 5 - Sketches,2013-11-12,154,Y,,,,,,,,,,,
wedding,day-6-paper-world,Day 6 - Paper world,2013-11-12,82,Y,,,,,,,,,,,
wedding,day-6-portrait-2,Day 6 - Portrait,2013-11-15,54,Y,,,,,,,,,,,
wedding,day-7-paper-world,Day 7 - Paper world,2013-11-15,66,Y,,,,,,,,,,,
wedding,day-7-visual-recipe,Day 7 - Visual recipe,2013-11-12,32,Y,,,,,,,,,,,
wedding,day-8,Day 8 - Visual recipe,2013-11-15,409,Y,,,,,,,,,,,
wedding,day-9-t-shirt,Day 9 - T-shirt,2013-11-15,134,Y,,,,,,,,,,,
wedding,draft-posts,Draft posts,2014-04-16,72,N,,,,,,,,,,,
wedding,engaged,Engaged,2012-12-26,224,Y,,,,,,,,,,,
wedding,engagement,Engagement,2012-12-21,36,N,,,,,,,,,,,
wedding,falling-water,Falling water,2013-11-04,224,N,,,,,,,,,,,
wedding,fireworks-strawberry-picking-42-penns-cave-bald-eagle-state-park-july-4-7,"Fireworks, Strawberry picking, 42, Penns Cave, Bald Eagle State Park - July 4-7",2013-07-07,721,Y,,,,,,,,,,,
wedding,food-stall-volunteering-sept-14,Food stall volunteering - Sept 14,2013-09-19,207,N,,,,,,,,,,,
wedding,guestbook-say-something,Guestbook/Testimonials - Say something !,2012-12-21,75,N,,,,,,,,,,,
wedding,her-story,About Padmashree,2012-12-22,0,Y,,,,,,,,,,,
wedding,hershey-park-sept-7,Hershey Park Sept 7,2013-09-19,327,N,,,,,,,,,,,
wedding,invitations,Invitations,2013-01-28,111,Y,,,,,,,,,,,
wedding,logistics,Logistics,2013-01-28,215,Y,,,,,,,,,,,
wedding,mardi-gras,Mardi Gras,2018-07-14,2,N,,,,,,,,,,,
wedding,memorial-day-weekend-may-25-26,Memorial Day Weekend - May 25-26,2013-05-31,662,Y,,,,,,,,,,,
wedding,movies,Movies,2013-04-16,175,N,,,,,,,,,,,
wedding,mt-nittany-hiking-and-whipple-dam-apr-7,Mt Nittany Hiking and Whipple Dam - Apr 7,2013-04-08,138,Y,,,,,,,,,,,
wedding,mt-nittany-wine-tasting-superman-supermoon-june-22,"Mt Nittany Wine Tasting, Superman, Supermoon - June 22",2013-08-02,211,Y,,,,,,,,,,,
wedding,pennsylvania-grand-canyon-apr-28,Pennsylvania Grand Canyon - Apr 28,2013-05-11,133,Y,,,,,,,,,,,
wedding,photo-album,Photo Albums,2012-12-22,36,Y,,,,,,,,,,,
wedding,pittsburgh-may-12,Pittsburgh - May 12,2013-05-17,76,N,,,,,,,,,,,
wedding,post-1,Greetings,2012-12-23,84,Y,,,,,,,,,,,
wedding,preparation-pics,Preparation pics,2013-02-04,4,Y,,,,,,,,,,,
wedding,reception,Reception,2012-12-21,72,N,,,,,,,,,,,
wedding,saree-shopping,Saree shopping,2012-12-30,203,Y,,,,,,,,,,,
wedding,shingletown-gap,Shingletown Gap - April 14,2013-04-16,92,Y,,,,,,,,,,,
wedding,state-college-events,State College Events,2013-04-14,237,N,,,,,,,,,,,
wedding,tussey-mountain-june-9th,Tussey Mountain June 9th,2013-07-30,117,N,,,,,,,,,,,
wedding,wedding-and-reception-videos,Wedding and Reception Videos,2013-04-28,2,N,,,,,,,,,,,
wedding,week-3-notebook,Week 3 - Notebook,2013-11-18,101,Y,,,,,,,,,,,
wedding,whipple-dam-aug-4,Whipple Dam - Aug 4,2013-08-19,102,N,,,,,,,,,,,
status,hello-world,Hello world!,2018-07-19,15,N,,,,,,,,,,,
status,privacy-policy,Privacy Policy,2018-07-19,635,N,,,,,,,,,,,
status,sample-page,Sample Page,2018-07-19,155,N,,,,,,,,,,,
